t,cum_rmse_xy,cum_rmse_theta
39.557066917419434,0.003643540292978287,0.0018702246248722078
39.63741755485535,0.005386210650924786,0.002623639974143439
39.696897983551025,0.009620503827543102,0.007578870041853403
39.80704069137573,0.014108503118983807,0.015776158284338676
39.91708850860596,0.018890864257339934,0.027626434552058435
40.027605295181274,0.02414034575541976,0.04153857530225798
40.09681010246277,0.029826001484473688,0.05757539291931249
40.20728325843811,0.0358775417510057,0.07502063778315834
40.31709361076355,0.04244740331010134,0.09358227119421528
40.41711974143982,0.04966303581800926,0.1132170913759664
40.49705958366394,0.057452387948797125,0.1334947172050634
40.59782004356384,0.0660644583964995,0.15384357971173782
40.70714998245239,0.07585805845056658,0.1740393734110567
40.81687259674072,0.08675230463786558,0.19383479593810207
40.927189350128174,0.09871962675032683,0.21331738205108447
40.997241258621216,0.11174030044177417,0.23245706385828852
41.107215881347656,0.12596372808752607,0.2512810780927409
41.21692228317261,0.14128856356216843,0.2695912936305211
41.31685471534729,0.15783293873371243,0.2875047931263512
41.39733695983887,0.17547435392539681,0.3047300651871826
41.49713373184204,0.19428634706695744,0.32122505574787397
41.607380390167236,0.2143687943929408,0.3370153615997607
41.7174813747406,0.2355033676846473,0.35162768476033235
41.827502489089966,0.2575673057311899,0.36503435382123095
41.897340536117554,0.2805487227822957,0.3772678198676178
42.00736355781555,0.3041591185742061,0.3883426540738213
42.11728882789612,0.32829431589686076,0.39832771886172774
42.21697688102722,0.35287135398869524,0.4073486331138687
42.2973792552948,0.3779370559574307,0.41547630386971984
42.39725089073181,0.4033148527064276,0.4227983339591125
42.50720834732056,0.4290663755299995,0.4293924131902424
42.617021560668945,0.4550440790040743,0.4353450558781526
42.72741150856018,0.48122195684816327,0.4407181149731524
42.79712247848511,0.5076512510101875,0.44559753642409666
42.90719819068909,0.5342283311313648,0.45000544904263606
43.017170667648315,0.5609418092314922,0.4539800179527886
43.11706352233887,0.5877786049586786,0.4575722603952674
43.196759939193726,0.6148076803748955,0.46082933594498215
43.29688835144043,0.6419305996342554,0.4637842329421503
43.40719413757324,0.6691363388316673,0.4665119138551951
43.51703596115112,0.6964884657540805,0.46904553372131946
43.627355337142944,0.7239061247126617,0.47137242906942833
43.697394371032715,0.7513849816296473,0.4734541606140874
43.807228565216064,0.7789886706653415,0.4752795123791193
43.917123317718506,0.8066396181960043,0.4768881597017502
44.017075538635254,0.8343344017887007,0.4782953878501832
44.09725260734558,0.8618523027588957,0.4790267717011478
44.1969895362854,0.889583577495812,0.47973344820221225
44.30762505531311,0.917537163763234,0.48043416422258417
44.41706204414368,0.945408709590428,0.48079767586365235
44.52754783630371,0.9734750161811294,0.4811530827126771
44.59743666648865,1.001722948070987,0.4815203492781066
44.7074031829834,1.0301569127587829,0.4819071289562881
44.817309856414795,1.0582771708234007,0.4820134161842498
44.917277336120605,1.0864248406104478,0.48213406495273897
44.99711012840271,1.1149287862351347,0.4825823034220717
45.097198486328125,1.1433387477779076,0.48307464537140277
45.207170248031616,1.171573370162499,0.4835883818488262
45.31728172302246,1.1996517423092268,0.48412102532663337
45.428059816360474,1.2278694499683798,0.48495426036018346
45.49748229980469,1.2559309146605044,0.48581178180533957
45.607487201690674,1.2841798976920469,0.48695472606866747
45.71727895736694,1.312286377160609,0.48810071429701235
45.81768560409546,1.3405961884157616,0.4895166410206247
45.897106409072876,1.3688975366675304,0.49092317128951013
45.99698543548584,1.3971908335491983,0.4923065099769527
46.10730528831482,1.4254972585139956,0.4936684383519352
46.21729922294617,1.4538359175638662,0.4950079097461583
46.32743525505066,1.482156447157486,0.49632716542891275
46.3972589969635,1.5104491467416956,0.4976261707801198
46.507792711257935,1.5387382413961261,0.4989072181054594
46.617454528808594,1.5669770249208401,0.5001694066004354
46.71756649017334,1.595135012769109,0.5014278154021165
46.79704427719116,1.6231527567132993,0.5026827186675119
46.89690709114075,1.6509982926683724,0.5039324357441565
47.007129430770874,1.6786664206955053,0.5051789619244305
47.11740589141846,1.70611278008968,0.5064238965687373
47.22766828536987,1.7333527417731756,0.5075951606658923
47.29701328277588,1.7604090447340905,0.5086549164231177
47.407427072525024,1.7872500535415476,0.5095757727294514
47.517478466033936,1.813860184035477,0.5103518599659425
47.61694812774658,1.840223629499583,0.5109891849166761
47.697025537490845,1.8663357657407738,0.511480115629815
47.7974750995636,1.892149565687448,0.5118337307480467
47.90727710723877,1.9174192428321344,0.5121787899191265
65.04755449295044,1.955348051195057,0.510304878531573
65.2279646396637,1.9918859127476232,0.5084380224478536
65.29742622375488,2.027148059758082,0.5065310035080506
65.40776300430298,2.061171192846564,0.5045339444594484
65.51703000068665,2.094050629715992,0.5024134646171939
65.61720395088196,2.1258807859445668,0.5001581189682607
65.6973705291748,2.1567506863191257,0.4977707992733614
65.79686760902405,2.186741316941018,0.4952810989948679
65.90712833404541,2.215940056495977,0.4927249416337236
66.01760172843933,2.2444302265598797,0.49014319197410117
66.12778329849243,2.2722829900379584,0.48758393065788436
66.19704794883728,2.2995757765575324,0.48509100956306794
66.30780577659607,2.3263883066084627,0.4827051907915212
66.40742182731628,2.352781189867623,0.4804550075868268
66.51757574081421,2.3787962492820767,0.4783703607657356
66.59723997116089,2.404477436661156,0.4764775632540257
66.69732713699341,2.429870197531664,0.47479793175924667
66.80761861801147,2.4549897847118403,0.47334142924357747
66.91761660575867,2.4798680205242403,0.4721258254530341
67.02814602851868,2.5045085780391227,0.47115253065116774
67.09699892997742,2.528919427544912,0.4704389252575437
67.20796799659729,2.553109819813828,0.46996423394238696
67.31875896453857,2.577110254523554,0.46971389800303737
67.41750741004944,2.6009291906809318,0.46966225038805665
67.4966766834259,2.6245452740624757,0.46979208258988286
67.59713220596313,2.6479922609310047,0.47010047916110576
67.70698070526123,2.671266367922936,0.47055612943667224
67.81758069992065,2.6943895103784814,0.4711386362858308
67.92786693572998,2.717351218427926,0.4718232290630781
67.99724459648132,2.7401533684606205,0.4725926890486883
68.10772943496704,2.7628159469856453,0.4734235297259838
68.21705627441406,2.7853319355205666,0.4742500332538346
68.31760334968567,2.8077105434288,0.47502752784618807
68.39674353599548,2.8299763801088647,0.47573853539634864
68.49767327308655,2.8521276664404813,0.4763667481350608
68.60706973075867,2.874171243352635,0.47691188244017246
68.71704196929932,2.8961352071521014,0.4773903359845648
68.82779836654663,2.918016431986539,0.477819759707835
68.8974130153656,2.939825738815288,0.47820432604180746
69.0078821182251,2.9615825247249616,0.4785540297559864
69.11700415611267,2.9832826915869766,0.47888099960627684
69.21723341941833,3.004930618976234,0.4791984083608419
69.29673433303833,3.0265467859617443,0.4794878306215654
69.39723873138428,3.0481231803833175,0.4797432116532275
69.50732851028442,3.0696657169889736,0.47996695872528305
69.6175274848938,3.0911941174720847,0.48016318556907933
69.72791790962219,3.1126994021723062,0.48034086338157894
69.79719805717468,3.134185731789792,0.48050075862897945
69.90772771835327,3.1556713219288763,0.480656448384617
70.01710963249207,3.177140497499837,0.4808251449669033
70.11714720726013,3.198597211317759,0.4810105606185207
70.19720816612244,3.2200537614919393,0.4812195761021897
70.29715251922607,3.24150212269599,0.4814290223996254
70.40724325180054,3.2629448726263255,0.4816356035868059
70.51735639572144,3.2843982168989245,0.481851420543648
70.62826633453369,3.3058495238295285,0.4820912928001124
70.69742608070374,3.327301881980367,0.48236183121250664
70.80786776542664,3.3487686745598606,0.4826718834350569
70.91712284088135,3.370236896198978,0.48301724681559544
71.01739931106567,3.391706701237075,0.48339996662673984
71.09699487686157,3.413191025719412,0.48383001082017796
71.19689893722534,3.434674883241743,0.48431816807429706
71.30714917182922,3.4561711618357918,0.4848402130080138
71.41714668273926,3.477667293871296,0.4853774372727287
71.52778959274292,3.4991639351320125,0.48591744964498906
71.59720516204834,3.5206623822739065,0.48645560059161574
71.7075560092926,3.5421769476274543,0.48697447554747514
71.8071608543396,3.5636976018202713,0.4874563507004463
71.91717147827148,3.585225958919061,0.48790472625178555
71.99674391746521,3.606778787891877,0.48831178850560975
72.09705829620361,3.6283464398804957,0.4886783297796906
72.20694875717163,3.6499317236979087,0.48900759463906485
72.31724214553833,3.6715500982881837,0.48931472318286584
72.42781352996826,3.693190252410479,0.48962043238385516
72.49720978736877,3.7148532829620993,0.4899414916371037
72.60768342018127,3.7365519059966377,0.49029162532619763
72.70708966255188,3.7582716523967186,0.4906734138205396
72.81763672828674,3.7800119493898787,0.491091176208744
72.89694952964783,3.8017806094855087,0.4915528799439594
72.99673557281494,3.823560923921834,0.4920601845318818
73.10708546638489,3.845345428289246,0.49261908657625153
73.21702814102173,3.8671374170071746,0.4932284203139679
73.32768702507019,3.888916448739027,0.49388078844939204
73.39725089073181,3.910679168105441,0.49455344674388785
73.50736689567566,3.932430062881613,0.49523783251257375
73.61689305305481,3.954147623608627,0.4959371714214715
73.71776270866394,3.975821263492097,0.4966543046470226
73.79681754112244,3.9974530826977883,0.497387971340404
73.89740800857544,4.0190262415190645,0.4981524497830416
74.00776815414429,4.04052826131548,0.4989600614983276
74.11721682548523,4.061957921982712,0.49981119616580927
74.22793555259705,4.083292984598073,0.5007036881607674
74.29729175567627,4.10451888704647,0.5016376454441664
74.40715742111206,4.125630804478662,0.5026161915977173
96.36765885353088,4.143729229499642,0.5012198864204187
96.50771307945251,4.161515348405386,0.4998340447452982
96.6171510219574,4.178986483138904,0.4984589865733335
96.72796440124512,4.196151502215125,0.49709720284333503
96.7969400882721,4.213021542964882,0.4957542398020595
96.90801167488098,4.229615335762893,0.4944388914802456
97.0168685913086,4.245958393028695,0.49316378435808483
97.11737585067749,4.2620770556369045,0.49194668951232245
97.19673919677734,4.277987715366263,0.49081549244840333
97.29690504074097,4.293705726110903,0.48979503816414804
97.40723729133606,4.309233056094215,0.488921487934922
97.51717686653137,4.3245770276036355,0.4882292870959182
97.62769103050232,4.3397466789661445,0.4877564577912975
97.69688105583191,4.354750526832367,0.4875509058803061
97.80774664878845,4.369596152429857,0.48764753733443317
97.9170753955841,4.384292826927296,0.48807834413734374
98.01700830459595,4.3988461879128335,0.4888942117188455
98.09695720672607,4.413260836972727,0.4901122835556171
98.20704817771912,4.427547113648082,0.49175216504904457
98.30743098258972,4.441719000529258,0.4938413035596363
98.4174313545227,4.455785142921413,0.4963783017354312
98.52765679359436,4.46975264694953,0.4993640139313215
98.59738636016846,4.483631707267623,0.5027874270078979
98.70830059051514,4.49743391913973,0.5066477997671212
98.81740117073059,4.511165371613104,0.5109113909947812
98.91748762130737,4.524837227528232,0.515584935272085
98.99706554412842,4.538450495448328,0.5206235376247392
99.09744644165039,4.552011852177228,0.5259884014501423
99.20738697052002,4.56552464247068,0.5316396322917978
99.31715798377991,4.578995470019556,0.5375318089633676
99.42792510986328,4.5924222990860715,0.5435942795251073
99.49701023101807,4.605811153266474,0.5497342288901433
99.60779333114624,4.619156638859555,0.5558348400357955
99.71701407432556,4.632461309562042,0.5618095083605973
99.81753158569336,4.64573422028586,0.5675929809746496
99.89698839187622,4.658978880796319,0.5731498180733174
99.9969835281372,4.672201710848885,0.5784699758325715
100.10732960700989,4.685409042996332,0.5835486221436438
100.21718192100525,4.698612006289843,0.5883914160682979
100.3282835483551,4.711812565449977,0.5930112824101792
100.39693474769592,4.725021620327693,0.5974319867994793
100.50804209709167,4.738239982285547,0.6016745706003335
100.61724638938904,4.751472599080819,0.605796699504039
100.71745586395264,4.764727888986613,0.6098260124169943
100.79700779914856,4.778002903428614,0.6137906146624387
100.89694094657898,4.791299085216958,0.6177021424658876
101.00700163841248,4.804622892301561,0.6215622732701404
101.11708307266235,4.817969965644585,0.6253720415374017
101.22813415527344,4.831341331916908,0.6291396092446002
101.2977864742279,4.844737750919787,0.6328736982652806
101.40795087814331,4.858165106400347,0.6365818872255986
101.51702189445496,4.87161823411019,0.6402670369527137
101.61764788627625,4.885102741406014,0.6439608380014319
101.69720506668091,4.898612314585728,0.6476630553233386
101.79697370529175,4.912146104791378,0.6513734339653777
101.90782308578491,4.925703279747745,0.6550907595002748
102.01721096038818,4.939288310276354,0.6588207604150431
102.12817978858948,4.952894954376547,0.6625598083279547
102.19823455810547,4.966527606056582,0.6663000288033618
102.3078887462616,4.9801804278655375,0.6700085781525701
102.41758275032043,4.993853917686154,0.673652092686171
102.51800632476807,5.007554933676172,0.6772103385876407
102.59694838523865,5.021280449405998,0.6806885368118459
102.69755911827087,5.035032567653187,0.6840901330120194
102.80770516395569,5.048813326462135,0.687417409930683
102.9172375202179,5.062630141407133,0.690673747355444
103.02823448181152,5.076479325337555,0.6938683924667676
103.09774518013,5.0903679712154055,0.6970242029543108
103.20805311203003,5.104291185833608,0.7001515966260725
103.31812715530396,5.118249406894149,0.7032493616964951
103.41786170005798,5.132248031276738,0.706324839490547
103.49745917320251,5.146282284852629,0.709376496677653
103.5975911617279,5.160352418808481,0.7123801181533281
103.70768976211548,5.1744651645573825,0.715324156189161
103.81734251976013,5.188616303718815,0.718196558163042
103.92798662185669,5.202807707339392,0.7209883264858927
103.99772906303406,5.217041547092899,0.7236890649475836
104.10803627967834,5.231325998398579,0.7262904037797643
104.21761155128479,5.245658179042733,0.7287895430084512
104.31793880462646,5.260040968854421,0.7311797730807342
104.39742279052734,5.274483640478895,0.7334568052546518
104.49770736694336,5.288983208350846,0.7356189014323751
104.60779762268066,5.303541871326114,0.7376601413121455
104.71755886077881,5.318170489863899,0.7395799290668925
104.82780146598816,5.332866084975213,0.7413775254910435
104.89738059043884,5.347632023900612,0.743047981357428
105.00805401802063,5.362478716244534,0.7445920689913366
105.11753296852112,5.377402620760843,0.7460352461526493
105.21786618232727,5.392406411524362,0.7474034526332435
105.2978732585907,5.407498880575132,0.7487085322410809
105.39735269546509,5.422674134086127,0.7499624490691771
105.50798082351685,5.437933032564447,0.7511719353987164
105.61779761314392,5.454071389504888,0.7523832188128113
105.7288498878479,5.4670849272159066,0.7518875378817232
105.79754376411438,5.480489936660367,0.7515582386757539
105.90797328948975,5.494464355416655,0.7513064809930652
106.01792597770691,5.50839606132464,0.7509779708303124
106.11801624298096,5.522868086882048,0.7506939804792323
106.19741797447205,5.5374907585714555,0.7503733220988579
106.29768919944763,5.552226494405704,0.7500068698207655
106.40780854225159,5.567515319115155,0.7496821526650075
106.51756548881531,5.582923904732378,0.7493137950942762
106.62858653068542,5.598861447887086,0.7489849522839481
106.6976010799408,5.614792654716895,0.7486156088125282
106.80821084976196,5.631216855692595,0.7482804669144337
106.9172613620758,5.647667990695554,0.7479079606108914
107.01727843284607,5.664645747840261,0.7475676264470774
107.08727622032166,5.681854555512727,0.7472178423487108
107.19773650169373,5.699232427232833,0.7468554638057412
107.30772352218628,5.7171214829609776,0.7465230828979612
107.41747546195984,5.735000069308643,0.7461497253458723
107.52826642990112,5.752076016115503,0.7456320250538363
107.59743666648865,5.769482417573643,0.7451369068207878
107.70786714553833,5.787321471408006,0.7446708737068485
107.81797790527344,5.8055594584081875,0.7442352274733541
107.91803359985352,5.824151356633343,0.7438301802847157
107.99706268310547,5.842771344193072,0.7434179145086299
108.09707570075989,5.861641204210059,0.7430330124200946
108.20755076408386,5.880445869115336,0.742637644313119
108.31751656532288,5.89945470291894,0.7422706168444617
108.4284336566925,5.918645799915853,0.7419335468242912
108.49719333648682,5.9376822572864185,0.7415868354278266
108.60825729370117,5.956851302966792,0.7412663579866746
108.71746277809143,5.97616234730151,0.7409742141443659
108.81790041923523,5.995608713360379,0.7407096552216541
108.89756369590759,6.015232887679781,0.740472190680113
108.99784302711487,6.0347569860696595,0.7402177106952424
109.10745048522949,6.054457311716209,0.7399878875336756
109.21796131134033,6.07408399774966,0.7397384091553918
109.32843923568726,6.093916156542788,0.7395114803809116
109.39731979370117,6.113675354758629,0.739264127266079
109.5079231262207,6.133661406330726,0.7390393053185761
109.61737108230591,6.153602525087697,0.738790965692091
109.71774077415466,6.173760717289654,0.7385633624711258
109.7967917919159,6.193880380751902,0.7383099144559059
109.89749765396118,6.214071365358214,0.7380379859420001
110.00757956504822,6.234285489804831,0.7377390245986515
110.11716818809509,6.254269346067287,0.7373679610360147
110.22874045372009,6.274080609573142,0.7369304519843901
110.2969663143158,6.293714023176252,0.7364313727182161
110.40781855583191,6.313651095088889,0.7359436143287231
110.5170693397522,6.333405920361334,0.7353968654079728
110.61774635314941,6.353395847885021,0.7348592176383242
110.69711256027222,6.372952190076944,0.7342367716253668
110.79765009880066,6.392660566325883,0.73362039484267
110.90723824501038,6.412118064238086,0.7329503824836445
111.01721286773682,6.431764893948603,0.7322864825852535
111.12815451622009,6.451628661387862,0.7316331683166348
111.19690608978271,6.471536607423538,0.7309654691117484
111.30726528167725,6.491481178898778,0.7302865757579469
111.41733837127686,6.511099895310261,0.7295421594246823
111.51765990257263,6.530849877647917,0.7288013603402731
111.59678626060486,6.550615268660674,0.7280389460948148
111.69713068008423,6.570396751022899,0.7272529960457826
111.80734896659851,6.590179517449041,0.7264445218541132
111.91723561286926,6.609987784069574,0.7256239445924588
112.02848505973816,6.629783118160901,0.7247798596985497
112.09722137451172,6.649555526690688,0.7239146929955366
112.20797824859619,6.669294624434231,0.7230301338464908
118.35715842247009,6.687828373879564,0.7220219362786262
118.50804400444031,6.706173123747901,0.7210153596962371
118.61692428588867,6.724324285811517,0.7200094471481425
118.71780323982239,6.74227767989183,0.7190022223390381
118.79675650596619,6.760033354738351,0.7179918251919216
118.89784550666809,6.777439912465987,0.7169661228963772
119.00755310058594,6.794629849752134,0.7159385823534881
119.11764240264893,6.811638502064953,0.71490943882659
119.22821950912476,6.828472246714437,0.7138801030525365
119.29717087745667,6.845142906719325,0.7128536931558855
119.4080126285553,6.861660208948212,0.7118345979936072
119.50753474235535,6.8780008160939206,0.7108240181286927
119.61760973930359,6.894210812955813,0.7098322054772004
119.69691300392151,6.9102946606853175,0.7088685366895366
119.79733943939209,6.926213040150103,0.7079310411759597
119.90691590309143,6.942009696320275,0.7070397444152251
120.01735615730286,6.9576886185444025,0.7062088547651963
120.12847948074341,6.973252717773323,0.7054498121084489
120.19710278511047,6.988704525339211,0.7047769219554381
120.30820512771606,7.004004115660353,0.7041852001159948
120.41737079620361,7.01919432257996,0.7036961872153547
120.51762676239014,7.034277521514649,0.7033415784188906
120.59694647789001,7.049265713110033,0.7031267096696514
120.69700145721436,7.064160468990054,0.7030505500529064
120.80685329437256,7.079022645449355,0.7031229719702672
120.91744065284729,7.093741044852928,0.70340358349683
121.02901124954224,7.108363937646547,0.7038740102086367
121.09694123268127,7.122820286412701,0.7045703995371836
121.20793867111206,7.137175084556947,0.7054678252245734
121.30700087547302,7.151433872482713,0.7065653727802184
121.41708087921143,7.165595509835564,0.707859614641071
121.49706673622131,7.179658293035889,0.7093497199818121
121.59701728820801,7.19361954804612,0.7110274319215415
121.70680832862854,7.207476083195992,0.7128961528758032
121.81725525856018,7.221223679705066,0.7149544681420756
121.92763471603394,7.23485780118899,0.7171833449503433
121.99698448181152,7.248373716041811,0.7195742304594562
122.10710263252258,7.261765732085151,0.7221210758969488
122.2169897556305,7.275029666099358,0.7248040956312078
122.31749725341797,7.2881606642735886,0.7276000292650416
122.39693117141724,7.301155530651667,0.7304907271022906
122.49680972099304,7.314009801538501,0.7334564296126468
122.60693526268005,7.326723900631154,0.7364408784662723
122.71747994422913,7.33929548107833,0.7394103010420195
122.82821369171143,7.351727955640425,0.7423434934745985
122.89749789237976,7.364022997542508,0.7452080908270854
123.00736427307129,7.376183061893899,0.7479735689787808
123.10789322853088,7.38821395187417,0.750630977143053
123.21721768379211,7.400120662144001,0.753170434541168
123.29700684547424,7.411907785285324,0.7555903700106766
123.397043466568,7.423579408713832,0.7578927061275541
123.50689244270325,7.4351419717748355,0.7600845222146312
123.61712765693665,7.446599985457818,0.7622040741082626
123.72768640518188,7.457957797263371,0.7642782540044735
123.7978789806366,7.469218455926697,0.7663194906275542
123.9079897403717,7.4802643137669556,0.7684767596152271
124.00753331184387,7.49119708263762,0.7706335242575615
124.11755013465881,7.502017415494946,0.7727915059259126
124.19751763343811,7.51284199158752,0.7748101541757919
124.29732918739319,7.523569487198706,0.7768221090567603
124.40704941749573,7.534322303138694,0.7787003749262096
124.5172803401947,7.544981642135487,0.780574771777303
124.62814354896545,7.55553943430431,0.7824526354967345
124.69750499725342,7.566056628811274,0.7842661449613096
124.80783700942993,7.576516139664481,0.7860169747177603
124.91724610328674,7.586859158884777,0.7877699861098614
125.0173978805542,7.597145902939498,0.7894627892730155
125.09709072113037,7.607367885174101,0.7910966577845975
125.19747972488403,7.617537472073251,0.7926703619818255
125.30721426010132,7.627657197716829,0.7941856902048059
125.41732263565063,7.637639704791039,0.7957055511488078
125.52832293510437,7.64764197155242,0.7971178733219835
125.5977156162262,7.65759777612674,0.7984738937618242
125.70821189880371,7.667502277332739,0.7997794165798693
125.81735944747925,7.677358593584497,0.8010360115538995
125.9174907207489,7.6871708105987775,0.8022454930155721
125.99700832366943,7.6969329893177045,0.8034091919543834
126.09759545326233,7.706647867704341,0.8045288125935979
126.20732617378235,7.716318406094367,0.8056023875161767
126.31730723381042,7.725932293879568,0.8066349869560594
126.42843437194824,7.736141304768446,0.8077157209471371
126.49732995033264,7.746264599951742,0.8087659642130103
126.6081211566925,7.756375653273537,0.8097214717628651
126.71726679801941,7.766477276400466,0.810586213301813
126.81740593910217,7.7765614683369995,0.8113573148508091
126.89744472503662,7.786682487562882,0.8119978749012059
126.99745774269104,7.796768409255588,0.8125535913416219
127.10719084739685,7.806822926017221,0.8130100948238465
127.21795845031738,7.816904729987261,0.813371858025464
127.327880859375,7.827048867234443,0.8136218260058808
127.39732646942139,7.837191203725468,0.813802353801301
127.50768065452576,7.847294361958843,0.8139237300236879
127.61723852157593,7.857482947761906,0.8139533108875412
127.71734380722046,7.867397639675316,0.8140263986634382
127.79697751998901,7.876795490227268,0.813943562970972
127.89764428138733,7.886176614636707,0.8137969790523082
128.00723385810852,7.895159827714259,0.8135881693186512
128.1176426410675,7.904240943973488,0.8133069617763744
128.22815465927124,7.913278973980242,0.8129661414640883
128.29725885391235,7.922400393529942,0.8125499954547828
128.40780901908875,7.931565984666368,0.8121271758200843
128.5175211429596,7.940842272033443,0.8116103404700823
128.6173415184021,7.950200589507408,0.81105737531973
128.69678211212158,7.959658226968327,0.8104540147223506
128.7971031665802,7.969182278209678,0.8098413500299265
128.90728783607483,7.978808052512123,0.8091857963572403
129.01762509346008,7.988538260887928,0.8084898669469869
129.12859201431274,7.998365839726303,0.8077735956282664
129.19709277153015,8.008271817725593,0.8070543435011066
129.30769419670105,8.01828079687236,0.8063195608499337
129.40733289718628,8.028380932064715,0.805583735483109
129.51729011535645,8.038569096690773,0.8048478347827949
129.59676694869995,8.048847145981902,0.8041123083329806
129.69712924957275,8.059204111120847,0.8033918771376436
129.80727815628052,8.069649362481588,0.8026725687800165
129.9175763130188,8.080183463477882,0.8019536076189457
130.02817606925964,8.090799239182692,0.8012346794814498
130.09707713127136,8.101495225467083,0.8005159289466852
130.2079873085022,8.112274414247773,0.7997975629278242
130.31727170944214,8.123153079189,0.7990664282907946
130.4171848297119,8.134111541356484,0.7983352315867291
130.49714136123657,8.145147364702714,0.7976049361946461
130.59726524353027,8.156268064477779,0.7968758106701329
130.70759773254395,8.167495343733725,0.7961359076699236
130.81743693351746,8.178806761581164,0.7953970139979443
130.9282102584839,8.190202534127172,0.7946599992544905
130.99708771705627,8.20168703026912,0.7939252589238203
131.10818219184875,8.213255790768232,0.7931925046132601
131.20732402801514,8.224882106738052,0.7924741088955694
131.31736397743225,8.236596917742357,0.7917577675258517
131.39700961112976,8.24840054036855,0.7910438374736926
131.49745059013367,8.260300588005707,0.7903329644381876
131.60718750953674,8.272296438950228,0.7896248834906388
131.71767115592957,8.284390367388072,0.7889196737499667
131.82821488380432,8.296545753214676,0.7882300934102634
131.89748334884644,8.308801389680788,0.7875442588731524
132.0083818435669,8.321118151578084,0.7868747411618273
132.1073980331421,8.33354821321656,0.7862096792981044
132.21784567832947,8.346040417688132,0.7855610295925015
132.29689002037048,8.358608105825668,0.7849212056534258
132.39728665351868,8.37125488414428,0.7842896095190858
132.50720953941345,8.38397561816907,0.7836657653276331
132.61731100082397,8.396500273050037,0.7831288579615425
132.72806477546692,8.409243405466457,0.7825646643730441
132.79777789115906,8.422196241299195,0.7819840532433475
132.90757536888123,8.43521244871884,0.7814215101733617
133.00731229782104,8.448296747989938,0.7808808280028954
133.11735677719116,8.461454469195743,0.7803625484738641
133.19686031341553,8.47469383471289,0.7798672206211826
133.29733514785767,8.488021449735557,0.7793958648109964
133.4072778224945,8.50133802335098,0.7789671359859462
133.51730942726135,8.514728516503048,0.7785646436906332
133.62847685813904,8.528198397961432,0.7781886633079823
133.69722652435303,8.54173330384051,0.7778383963844276
133.80747437477112,8.555168946049283,0.77754499998253
133.90735387802124,8.568635820830778,0.7772817895560606
134.01709604263306,8.582127742187513,0.7770463843961685
134.09687209129333,8.595622647995315,0.7768392720102015
134.19699621200562,8.609092537449378,0.7766625020198402
134.3072018623352,8.622521110116393,0.7765141645927924
134.41730761528015,8.63590145607313,0.7763927387819195
134.52820324897766,8.649213036510597,0.7763001908206415
134.59731459617615,8.662434444855183,0.7762354026785091
134.70767736434937,8.675556509606546,0.7762008572223791
134.81713008880615,8.68858393364021,0.776198691925442
134.9174416065216,8.701650273088019,0.7762052678676075
134.99695825576782,8.714752634597668,0.7762232004932526
135.09752225875854,8.727891272532169,0.7762567566935847
135.207257270813,8.741827182537953,0.7761545451365708
135.31733179092407,8.756516184796372,0.7761430993525136
135.42831993103027,8.77116696512484,0.7761389481983351
135.49741744995117,8.786069876303799,0.7760019890511093
135.60761046409607,8.801022243421166,0.7758767416747359
135.71732687950134,8.815961759750259,0.7757484254296846
135.8177399635315,8.83090045194386,0.7756223318393098
135.89744472503662,8.845889008046727,0.7755104838767671
135.99745273590088,8.86090929823452,0.7753950085978898
136.1073968410492,8.875951186350733,0.7752705429419523
136.2170913219452,8.891001558631991,0.7751303513315786
136.328195810318,8.906059787290765,0.77495733375925
136.39707493782043,8.921180053108754,0.7747675453312988
136.50829982757568,8.936310228645485,0.7745236682614877
136.61764359474182,8.951444033419873,0.7742295621171434
136.71751475334167,8.966594216041974,0.7738923497439276
136.79739594459534,8.98180874042287,0.7735200948952214
136.89744567871094,8.997026710148221,0.7730935581425354
137.0079653263092,9.012260899407984,0.7726255480162944
137.11745643615723,9.027506080851925,0.7721188140514704
137.22801280021667,9.04282701281624,0.771596803467424
137.29721689224243,9.058163784743504,0.7710391753272392
137.40818524360657,9.073547530383479,0.7704596796165241
137.51712608337402,9.088950282221742,0.7698559878939795
137.61756801605225,9.10435967273959,0.7692298575615839
137.69709706306458,9.119545149327797,0.7685532896469283
137.7973985671997,9.135006904607545,0.7678959663270168
137.9078288078308,9.150495658949309,0.7672263847184552
138.01730728149414,9.165983095908624,0.7665441205505934
138.12796449661255,9.181356342884921,0.7658432168435902
138.19724535942078,9.196867108017264,0.7651459786446375
138.30830693244934,9.212371443739471,0.7644433065137772
138.41719484329224,9.227855460731295,0.7637370499690382
138.5174596309662,9.243342422142083,0.7630305235972982
138.5971701145172,9.258829151278531,0.7623250112893136
138.69760465621948,9.27431740065943,0.7616218024957121
138.80822801589966,9.289824019122934,0.7609213364356145
138.91712260246277,9.305283419960226,0.7602261918409597
139.02810430526733,9.320769085360757,0.7595337664027179
139.09715723991394,9.336246858503365,0.7588452988399449
139.2082576751709,9.351724209995783,0.7581603443996838
139.31718039512634,9.367189763915334,0.7574790620761972
139.41807866096497,9.382658428392663,0.7568002107476236
139.49699354171753,9.398125046949803,0.75612426092171
139.5975992679596,9.413575729870118,0.7554512131102157
139.70728731155396,9.429023995011178,0.7547794040817737
139.8171308040619,9.444465570928983,0.7541090646868424
139.92844605445862,9.459905227765603,0.7534391029130734
139.99744629859924,9.475342784677554,0.7527692178548372
140.10770440101624,9.49077802752248,0.7520991432774242
140.21713256835938,9.506209240064088,0.7514287899860022
140.31747722625732,9.521640249512972,0.7507580062154466
140.39722442626953,9.537068258740485,0.7500874448814369
140.497572183609,9.55249297882587,0.7494176819309957
140.60783123970032,9.567921568864534,0.7487495220682354
140.7174687385559,9.583355230902942,0.7480841714772943
140.8290295600891,9.598791702601062,0.7474228791204524
140.89771223068237,9.614240049341998,0.7467674477315058
141.00846123695374,9.629697224721909,0.7461199459923692
141.1177625656128,9.645166743290932,0.7454826902263225
141.21744990348816,9.660640225787919,0.7448583857786598
141.29726266860962,9.676122135258678,0.7442511323063399
141.39746499061584,9.691604026407031,0.7436650205291333
141.50779581069946,9.707088124860382,0.743103656706432
141.61748027801514,9.72257338810699,0.7425730473998536
141.7285668849945,9.738058913052432,0.7420790726199941
141.797358751297,9.753537306933369,0.7416269757917958
141.90836644172668,9.769010448290146,0.7412244308559467
142.0175178050995,9.784471570155665,0.7408780338286154
142.11780261993408,9.799917669804753,0.7405943526004006
142.19745564460754,9.81534510641718,0.7403831348994137
142.2980444431305,9.83074603038828,0.7402492217909019
142.40773844718933,9.846125183400243,0.7402026748313482
142.51774644851685,9.861471921258193,0.7402534721176668
142.6285743713379,9.876780791115266,0.7404059856405497
142.6973271369934,9.892055116002762,0.7406632088789752
142.8080005645752,9.907289422048763,0.7410396617049088
142.9173607826233,9.922492277307796,0.7415394851184163
143.01732110977173,9.937651523377808,0.7421698672519094
143.09706044197083,9.952764134921823,0.7429406561034774
143.19757747650146,9.96782627150606,0.7438516036779322
143.30742478370667,9.982836559939063,0.7449044044406175
143.417382478714,9.997794365457151,0.7460982545905824
143.5280168056488,10.012699948060586,0.7474302006700936
143.5972764492035,10.02755165038741,0.7488885283795749
143.7083649635315,10.042334182401099,0.75047456449019
143.81791973114014,10.057058225833595,0.752172775047664
143.91745615005493,10.071719652340912,0.7539741923847224
143.99809336662292,10.086318094125835,0.7558663362786584
144.0974633693695,10.100853002663012,0.7578297662081301
144.20717525482178,10.11532970119021,0.7598501306233071
144.317800283432,10.12974761514775,0.7619156234576633
144.42816185951233,10.144105823363843,0.7640131309063256
144.4975299835205,10.158403999595174,0.766132072752685
144.6077229976654,10.172642275534317,0.7682633177480519
144.71777510643005,10.186820589751974,0.7703954987172891
144.81779670715332,10.20093943340043,0.7725166927512808
144.89774227142334,10.214999607777115,0.7746167395788852
144.9974229335785,10.229002664493223,0.7766970761777292
145.10698580741882,10.2429495952217,0.7787499616002581
145.2175648212433,10.256842106551105,0.7807671242150359
145.3275966644287,10.270606858467822,0.7826082871684172
145.39749789237976,10.284318824439836,0.7843060188507561
145.50787591934204,10.297964531366576,0.7859138208691294
145.61721348762512,10.311550818407726,0.787417352911837
145.7172887325287,10.325079886970265,0.7888243420374438
145.79762268066406,10.338553665952961,0.7901431043837674
145.89763164520264,10.351975319152226,0.7913761292746606
146.00813698768616,10.365346248185082,0.7925318610054642
146.11755442619324,10.378669679586732,0.7936071452147543
146.22795128822327,10.391947902118938,0.7946063404448196
146.29756927490234,10.40518403020952,0.7955290207651962
146.40829300880432,10.418378980818517,0.7963805929861114
146.5178017616272,10.431535107753389,0.7971632757191466
146.61816120147705,10.444654664442615,0.7978809840656034
146.69823741912842,10.45773849458451,0.7985365627671296
146.7981264591217,10.470787511650808,0.7991338936403805
146.90784096717834,10.48380015213655,0.7996737527767115
147.01765966415405,10.496778713366691,0.8001624332861262
147.1283860206604,10.509192324014679,0.800493018524325
147.1976351737976,10.521843419862819,0.8005492226746629
147.30802845954895,10.534542057341472,0.8006114081561194
147.41776871681213,10.547283759607486,0.800675416115525
147.5180115699768,10.560063606385174,0.8007372018468587
147.59735774993896,10.572883999551092,0.8008001400884908
147.69783997535706,10.585742348306605,0.8008657898235879
147.8079481124878,10.598637991613327,0.8009336497291317
147.91770839691162,10.611574276346854,0.8010025902210519
148.02854800224304,10.62454755029939,0.8010712238000628
148.09734559059143,10.637557619295093,0.8011380804993601
148.20817589759827,10.650607207483109,0.8012006056577039
148.31809520721436,10.663693783323449,0.8012571453978183
148.41792607307434,10.676817183352664,0.8013060891208256
148.4977080821991,10.689544155471404,0.8013189028385678
148.59816002845764,10.702246003373977,0.8012156825257131
148.70797967910767,10.714907135054908,0.8010776325655866
148.818754196167,10.72753580081346,0.8009115257001345
148.9288465976715,10.740144653657383,0.8007202521454042
148.997962474823,10.752742359660207,0.8005059380166524
149.10853672027588,10.765497048718466,0.8003202121897276
149.21878480911255,10.778285240650373,0.8001059250659196
149.31871342658997,10.791105079703957,0.7998664947387056
149.39772582054138,10.803960211001835,0.7996034133882705
149.49828147888184,10.816851127373132,0.7993199158863257
149.60791015625,10.829779974787174,0.7990182803949517
149.71813035011292,10.842755586393807,0.7986991515020604
149.82853031158447,10.855796689898456,0.7984031024151351
149.89760088920593,10.868902472024098,0.7980897220655241
150.0084638595581,10.882082120000788,0.7977582234281878
150.11755418777466,10.895334706347755,0.797410925706131
150.21766233444214,10.908634729497486,0.7970774727879925
150.2972731590271,10.92202069408362,0.7967296488599229
150.3978292942047,10.935446587331557,0.7963970947186617
150.50830149650574,10.948938065867605,0.796063744594998
150.6178915500641,10.962486627338384,0.7957349363697755
150.7283113002777,10.976099527737784,0.7954058783675896
150.79723930358887,10.98976791634769,0.7950820648816866
150.9084038734436,11.003474346450881,0.7947742596832127
151.00797867774963,11.017233938985639,0.7944721061652158
151.11753368377686,11.03104992071111,0.7941751571880548
151.1978783607483,11.04493619381173,0.7938782725949045
151.2972915172577,11.05887229549007,0.7935859223913897
151.40829181671143,11.072823767490457,0.79331386976355
151.51778984069824,11.0867896041709,0.7930659795227564
151.6281921863556,11.100780799997965,0.7928393811016159
151.6972599029541,11.114788319586587,0.792636421857015
151.80824875831604,11.128813277528996,0.7924580997950345
151.91731238365173,11.142861869441845,0.7923070503444146
152.01743030548096,11.15693202620082,0.7921812664496779
152.0971109867096,11.171042158418318,0.7920644080062768
152.19741320610046,11.185192330265743,0.7919573148061873
152.30727696418762,11.19938508060862,0.7918475332092715
152.41718101501465,11.21362157080896,0.7917338895553959
152.52778458595276,11.227896360855274,0.7916145454131577
152.59734678268433,11.242206804878325,0.7914890723653376
152.70802664756775,11.25655318979515,0.7913559916636527
152.80728101730347,11.27092827897437,0.7912145612900212
152.91742134094238,11.285327061810237,0.7910636355050044
152.99698567390442,11.299746762447995,0.7909018250574861
153.09724020957947,11.31418700180005,0.7907273251487369
153.20775198936462,11.328644701208045,0.7905446136319677
153.3170998096466,11.343119800140482,0.7903617171131199
153.42779994010925,11.357607315219886,0.7901870812807499
153.4972860813141,11.372105153332779,0.7900278762953278
153.6078805923462,11.386612585462078,0.7898912816337027
153.70719599723816,11.401124795349547,0.7897843930076873
153.8175265789032,11.41563810796515,0.7897156663683056
153.89717817306519,11.430150238844893,0.7896930159255885
153.99784755706787,11.444658638661858,0.789730175238483
154.1072940826416,11.459157427640731,0.7898352023490233
154.21737146377563,11.473644044015105,0.7900209370662482
154.328364610672,11.488112529565607,0.7902943410961923
154.39752888679504,11.50255836379242,0.7906647108042933
154.50756287574768,11.516976889366875,0.7911398159817356
154.61728024482727,11.53136340400755,0.7917306776165227
154.71797800064087,11.545711862937386,0.792443374870205
154.7969946861267,11.560018400423349,0.7932855733820812
154.89774417877197,11.574279557703962,0.7942689079584513
155.00731587409973,11.588491668617795,0.7953983177541125
155.1172354221344,11.602652073016282,0.7966841183598511
155.22851061820984,11.616758787200292,0.7981284709241484
155.29728841781616,11.63081037782556,0.799734541488072
155.40793204307556,11.644806038128628,0.8015067192470439
155.5178394317627,11.658745176908651,0.8034530434136996
155.61819005012512,11.672627671273245,0.805566340835232
155.6971995830536,11.686453959550592,0.8078488293997724
155.79804348945618,11.70022498168582,0.8102916972210379
155.9076747894287,11.713941934143882,0.8128922566005945
156.0176556110382,11.727606110439716,0.8156474136433202
156.12828493118286,11.741219010941471,0.8185540896072102
156.19798040390015,11.754782097222298,0.8216014088024882
156.30787134170532,11.768296913117336,0.8247819303630041
156.41747188568115,11.781764670132638,0.8280887330521562
167.73964595794678,11.794838106007866,0.8311295852076496
167.82807326316833,11.807858805040558,0.8341479487545655
167.897709608078,11.820821788589335,0.8371474981780023
168.00809335708618,11.833725051691902,0.8401243275529018
168.11740469932556,11.846566432817013,0.8430735642850823
168.2179889678955,11.859345165189312,0.8459942144593778
168.29720258712769,11.872059895857483,0.8488813908853057
168.397962808609,11.884710411158823,0.8517361977086552
168.50772905349731,11.897296265382533,0.8545582089440783
168.61806845664978,11.909816968034328,0.8573464965771285
168.72843170166016,11.922273202169654,0.8601011515976236
168.79756426811218,11.934665532645958,0.862821514836097
168.90767216682434,11.946994007432544,0.8655081968630911
169.01768851280212,11.959259767957555,0.8681643898535869
169.11796951293945,11.9714637241974,0.8707926949180786
169.1976821422577,11.9836063226807,0.8733956746058623
169.29815030097961,11.995688919601706,0.8759769471478064
169.40823030471802,12.007712359915342,0.8785415087071399
169.51847505569458,12.019676645703093,0.8810961890903409
169.62852096557617,12.031582787006124,0.8836461755644495
169.6974003314972,12.043430834042043,0.8861959827794889
169.80783653259277,12.05522050427475,0.8887489668071954
169.90724563598633,12.066952206021735,0.8913190915656898
170.0180742740631,12.07862555626728,0.8939169339986669
170.09721684455872,12.090239061381423,0.8965489295681374
170.19697856903076,12.101792310685186,0.899215832032268
170.30721974372864,12.113284381336078,0.9019168973449049
170.4178023338318,12.124714699468056,0.9046514918855207
170.52831029891968,12.136081522788857,0.9074195219565118
170.59752225875854,12.147384676596616,0.9102146304568547
170.70830726623535,12.158622679722514,0.9130353944090808
170.81713604927063,12.169795844551889,0.9158739144747777
170.91772270202637,12.180903407725962,0.9187087850918153
170.99735021591187,12.191944715729218,0.9215322512327767
171.09723949432373,12.202920706468705,0.9243357588583515
171.2070517539978,12.213832583586704,0.9271190801760757
171.3183765411377,12.224680181961821,0.9298790754070707
171.42849278450012,12.235465131204165,0.9326133630271803
171.49820685386658,12.246188418319285,0.935320582713468
171.6082799434662,12.25685069338747,0.9380020279203625
171.7178270816803,12.267453448976541,0.9406668660418858
171.8183240890503,12.277997595634005,0.9433240576956895
171.89731574058533,12.28848305115632,0.9459806692044137
171.99792551994324,12.298910641902069,0.9486416455242801
172.1079022884369,12.30928012731265,0.9513082383712661
172.21844005584717,12.319591117307473,0.9539826592556835
172.32871961593628,12.329844050930182,0.956662341931054
172.39762449264526,12.34003881251919,0.959345157412773
172.5083270072937,12.350174413775077,0.9620301394480455
172.61754727363586,12.360251612816812,0.9647160279750973
172.7185640335083,12.37027007844204,0.9673992157362026
172.7982726097107,12.380229382637438,0.970078770431252
172.8982584476471,12.39013058856549,0.9727538854333285
173.00806283950806,12.399974039190878,0.9754234847305535
173.11769843101501,12.409759055105049,0.9780874201021349
173.2282989025116,12.419486994188192,0.9807419594480802
173.29765129089355,12.429158153500762,0.9833851818224644
173.40804052352905,12.43877261430592,0.9860155739044727
173.5172827243805,12.448331234657948,0.988627636557133
173.6178753376007,12.457834858586743,0.991216567092171
173.69755578041077,12.467283466419804,0.993781216390974
173.7982578277588,12.476678776031832,0.9963189978527096
173.90791749954224,12.486021719012067,0.9988294105510304
174.01777529716492,12.495313017227174,1.0013144605072604
174.12834239006042,12.504554037238869,1.0037749247009318
174.19819498062134,12.513745881062615,1.006211176107446
174.30793523788452,12.522888594270551,1.0086251331345415
174.41757702827454,12.53198381833625,1.0110174036635151
174.51787519454956,12.541032316721466,1.0133873191980045
174.5974006652832,12.550034407705141,1.015734596690833
174.69760370254517,12.558991321956691,1.0180605219785575
174.80782794952393,12.56790404755931,1.020366799770884
174.91789889335632,12.576772805602488,1.022654782390525
175.0284399986267,12.585598902497507,1.024926833524833
175.09776067733765,12.594382685460715,1.0271834535432744
175.2078070640564,12.603124499366437,1.0294274192187511
175.31810307502747,12.611825209347174,1.031655065989021
175.417560338974,12.620485517025894,1.0338593345424782
175.497305393219,12.62910629595497,1.0360353272420766
175.59759855270386,12.637688306808213,1.0381846449352
175.7081482410431,12.646232979307477,1.0403081765009015
175.81770944595337,12.654741095132788,1.042406819148803
175.92824244499207,12.663213784599241,1.0444849338890003
175.99752402305603,12.6716518004015,1.046552837522687
176.10786151885986,12.680055408930786,1.0486173674375892
176.21733260154724,12.688425151134233,1.0506828268333643
176.31814098358154,12.696761058946068,1.0527541436983325
176.39729142189026,12.705062842628527,1.0548328259310917
176.49734330177307,12.713330477004979,1.056925556825451
176.60718274116516,12.721563598288322,1.0590407356568161
176.71735405921936,12.729761283772966,1.0611819176070225
176.82848930358887,12.737923166495964,1.0633487489321591
176.89734935760498,12.746048521455046,1.065541482419481
177.0080246925354,12.754136204491067,1.0677475029835475
177.11763978004456,12.762186211537541,1.0699614646551883
177.21741223335266,12.770198538024783,1.0721842168454272
177.2969377040863,12.778172192201597,1.0744142781109198
177.3974485397339,12.786107599632032,1.076649325246513
177.5072832107544,12.794004479003249,1.0788862250940696
177.61740803718567,12.801862479256298,1.0811222097935729
177.72833895683289,12.809682024778692,1.0833494661377077
177.79721474647522,12.81746365301775,1.0855540820083012
177.9078118801117,12.825208026924841,1.087727563598408
178.01728296279907,12.832916798911517,1.089867199599905
178.11708116531372,12.840590988673384,1.0919694554398243
178.19694113731384,12.848231481445405,1.094033721254463
178.2975296974182,12.855839777059794,1.09606417059227
178.40737056732178,12.863417151388385,1.0980679900077042
178.5176260471344,12.87096422925187,1.1000488734332832
178.62849974632263,12.878482096703602,1.1020122715508633
178.69758462905884,12.885971487868638,1.1039592397028264
178.80813336372375,12.893432926970371,1.1058911682403878
178.91729164123535,12.900867143043149,1.1078205931468772
179.01744413375854,12.908274314811244,1.1097589584356344
179.0971703529358,12.915653968935741,1.1116990571377512
179.19775319099426,12.923006317070085,1.1136365947161468
179.3078842163086,12.930331498186327,1.1155707967036745
179.41763520240784,12.937629797655976,1.1175028449064126
179.52791929244995,12.944901186996578,1.1194308244477913
179.59797716140747,12.952145982626286,1.1213505020019914
179.70820903778076,12.959364405642248,1.1232611534579393
179.8172962665558,12.9665570616585,1.125163121600362
179.91771841049194,12.973724307445837,1.1270546165315
179.9976305961609,12.980866555742923,1.1289354060439258
180.09736514091492,12.987984101385917,1.1308055040545464
180.20757412910461,12.995077562694467,1.1326652167094753
180.31782126426697,13.002147350538,1.1345135406224582
180.42765474319458,13.009193828453443,1.136349182608638
180.49747848510742,13.016217569633634,1.1381726981577338
180.60790944099426,13.02321903738527,1.1399839457437577
180.71719908714294,13.030198777252728,1.1417817361439329
180.81741523742676,13.037157345723774,1.1435678561304918
180.88738226890564,13.044095191562322,1.1453456398221957
180.99735403060913,13.051012698413102,1.1471178030332336
181.1075782775879,13.057910118730108,1.1488838391843015
181.21740126609802,13.064787725712112,1.1506445359779829
181.32783365249634,13.071645769243062,1.152403113050871
181.39702200889587,13.078484379725946,1.154165864670471
181.50787734985352,13.085303472032084,1.1559350648578406
181.61695957183838,13.09210287937811,1.1577103686852126
181.71735668182373,13.09888244420704,1.159492801587037
181.7970952987671,13.105641961378984,1.1612830771326184
181.8974165916443,13.112381231403766,1.1630801427210085
182.00698924064636,13.1191000928657,1.1648857251682423
182.11743831634521,13.125798254312862,1.1666982170307687
182.22841811180115,13.132475590984248,1.1685071381089094
182.29717016220093,13.139132292596141,1.1703069841930869
182.40765166282654,13.14576870176663,1.172094870222534
182.51707553863525,13.152385324418972,1.173863693998624
182.61734080314636,13.158982881592665,1.1756035702465601
182.69726657867432,13.16556243075863,1.177312282376929
182.7971158027649,13.172125093033102,1.178988882103033
182.90731406211853,13.178672057846862,1.1806353802909313
183.01789712905884,13.185204560887192,1.1822512998763537
183.12842893600464,13.191723738761043,1.1838393427287395
183.1976249217987,13.198230624638118,1.1854121968411864
183.30716109275818,13.204726050283659,1.1869746950330926
183.4171257019043,13.211210097276032,1.1885325891294762
183.51764798164368,13.217683089955345,1.1900885051052819
183.59720706939697,13.22414535022221,1.1916427392975977
183.69732999801636,13.230596833886116,1.193190651296222
183.80732774734497,13.237037711542007,1.1947266007589548
183.91746139526367,13.243468668970811,1.1962455006154025
184.02901673316956,13.249890064358668,1.1977452962034305
184.09723782539368,13.25630263039356,1.1992234624506646
184.2076976299286,13.262707189096194,1.2006826914023818
184.31778693199158,13.269104981624242,1.2021252673672302
184.417320728302,13.275496297809234,1.2035532901001782
184.4972014427185,13.281881884145294,1.2049662064416342
184.59720587730408,13.288262748550217,1.2063633135785437
184.70744252204895,13.294639140464982,1.2077446058875474
184.8176610469818,13.30101189440338,1.2091073986205345
184.92793226242065,13.30738130452767,1.2104487595182039
184.99718379974365,13.31374812160429,1.211763219070498
185.10777688026428,13.320113812590819,1.2130482143575387
185.21729493141174,13.326478738479665,1.2143104137037284
185.31758046150208,13.332843918980037,1.2155508576612732
185.3974425792694,13.339210570226095,1.2167677888523185
185.497563123703,13.345580200915379,1.2179610587102587
185.60786247253418,13.351952896144956,1.2191326882423241
185.71772575378418,13.358329461469404,1.2202801675411525
185.82825660705566,13.36471116635242,1.2214031871981204
185.89786863327026,13.371098340921442,1.2225041949437443
186.00793409347534,13.377492597056957,1.223583101836085
186.11735248565674,13.383894310891481,1.2246449813148919
186.21740317344666,13.390303926169315,1.225694082164031
186.29758834838867,13.396722638872985,1.2267358110262596
186.39784145355225,13.403149955976197,1.227774376428063
186.50730895996094,13.409586114642195,1.2288150953065455
186.61740446090698,13.416030799640934,1.2298596632123322
186.72806000709534,13.422485229012512,1.2309085694743265
186.7978503704071,13.428948295512045,1.2319618344094432
186.90726685523987,13.435420587474292,1.2330221250391684
187.01742362976074,13.441901038923618,1.2340909916042078
187.1175892353058,13.448389655480758,1.235170997517812
187.19752097129822,13.45488588438559,1.2362638016674865
187.2972195148468,13.46138974215453,1.237369204564289
187.40740633010864,13.46789961885244,1.2384858183613012
187.51769709587097,13.47441562483833,1.2396147243027793
187.6282398700714,13.48093645044403,1.2407564181138704
187.69817328453064,13.487462021579889,1.241911471131575
187.80778908729553,13.493991866512552,1.243079438880628
187.9174039363861,13.500525956262297,1.2442625167155277
188.01767897605896,13.50706297153004,1.2454612287092852
188.09743523597717,13.51360284729387,1.2466775144325208
188.19781231880188,13.520145548731103,1.2479142115171347
188.30786108970642,13.526690052978333,1.2491745379254235
188.41763496398926,13.53323582087155,1.2504643713306012
188.52866220474243,13.539781448826462,1.2517843979544858
188.5976390838623,13.546325990885673,1.253134563605346
188.70789670944214,13.552869045289745,1.2545143179252911
188.81835651397705,13.559409076455779,1.2559214547413082
188.91740131378174,13.565945064096727,1.2573533504377121
188.99693059921265,13.572476450515897,1.2588075074014256
189.0975947380066,13.57900205633661,1.2602796962850922
189.20738673210144,13.585521223998938,1.2617655295560148
189.31788110733032,13.592033788627706,1.2632556274087754
189.4276945590973,13.598539151707465,1.2647469741398119
189.49712753295898,13.605037412158174,1.2662376494910623
189.60817861557007,13.611528946811159,1.267725640208946
189.71795177459717,13.618013560569562,1.269209132660654
189.81802916526794,13.624491419814655,1.2706881885295926
189.8971779346466,13.630963090450997,1.2721636638758873
189.99754858016968,13.637428356686103,1.2736377640934977
190.10743927955627,13.643887374739872,1.275111008012255
190.217857837677,13.650340441817988,1.2765861854316598
190.32836031913757,13.65678721740461,1.278064950958278
190.3970959186554,13.663226448126455,1.279585068962442
190.5079629421234,13.669656672332954,1.2811565823341462
190.61795616149902,13.676075867286963,1.2827870161954367
190.71819162368774,13.682482165306679,1.2844825211331692
190.79710054397583,13.688873707679411,1.2862492748454772
190.897620677948,13.695248427798854,1.2880872688672442
191.00710916519165,13.701604210480548,1.2899960878865653
191.11784148216248,13.707938720563693,1.2919759820585022
191.22892308235168,13.714249816438478,1.2940227577712997
191.29747438430786,13.720535277622748,1.2961314019559667
191.407968044281,13.726792417708053,1.298279983685855
191.51765990257263,13.733019903781921,1.3004508667814472
191.61782240867615,13.739216878181741,1.30262951258307
191.6973807811737,13.745382690008615,1.3048068547355731
191.79753041267395,13.751517897837614,1.3069751350658028
191.90712785720825,13.757622837525549,1.3091299312097209
192.01772379875183,13.763697564205197,1.3112656589882108
192.12833976745605,13.769743181424706,1.3133808690711861
192.19727993011475,13.775760403337939,1.3154768247504012
192.30800247192383,13.781749525576979,1.3175542785637682
192.41728520393372,13.787711588017105,1.3196145150053775
192.51774287223816,13.79364720287995,1.3216591139358016
192.59708333015442,13.799556931465492,1.323689988081045
192.69752836227417,13.805440951843593,1.3257074082617706
192.80718636512756,13.81130008419014,1.3277118472083007
192.91765356063843,13.817134813569515,1.3297021975781886
193.02793145179749,13.822945357538314,1.3316781843098364
193.09709930419922,13.828732527824618,1.3336417854892846
193.20768666267395,13.834496781597975,1.3355950541535533
193.31731057167053,13.840238258238923,1.3375395849309426
193.41759538650513,13.845957547337537,1.3394758073722701
193.4975664615631,13.851654735002223,1.3414064038331546
193.59764575958252,13.857330292288879,1.3433332203672204
193.70734977722168,13.862984384814874,1.345258127766233
193.81755685806274,13.868616890339593,1.3471819396346376
193.92817664146423,13.87422811627004,1.3491050270185176
193.9972219467163,13.879818125630223,1.3510247349099285
194.10821533203125,13.885386847690837,1.3529382349025803
194.21773219108582,13.890934759577531,1.3548425966064317
194.31776523590088,13.896462208142196,1.3567369585706388
194.39720129966736,13.901969569528227,1.3586228979832071
194.49760913848877,13.907457010367722,1.3604793039743788
194.60726642608643,13.91292573888633,1.3623047765889449
194.71728587150574,13.918376748883658,1.3640953630335015
194.82813119888306,13.923811387821575,1.3658514507624393
194.89703249931335,13.9292308833893,1.3675733126374794
195.00847721099854,13.934636446284248,1.3692604913992859
195.1173484325409,13.94002935649408,1.3709159950171603
195.21723818778992,13.94541076870632,1.3725434749701255
195.29692554473877,13.950781778686236,1.3741517567914139
195.39738130569458,13.95614301836383,1.375747163086301
195.50731992721558,13.961494990966466,1.3773352554928537
195.61715531349182,13.966838113503677,1.378918525637441
195.72823357582092,13.972172473242342,1.3805000398280112
195.79709362983704,13.977498141759378,1.3820821753254318
195.90812277793884,13.982815235010701,1.3836654499319996
196.01704668998718,13.988123572730274,1.3852512809565138
196.1174533367157,13.993423123892823,1.386840739480834
196.19700741767883,13.998713925619281,1.3884330097398874
196.29763746261597,14.003995774848951,1.39002728901904
196.40825700759888,14.00926862516215,1.3916242032200543
196.51755118370056,14.014532527481965,1.3932239054254159
196.62815499305725,14.019787291803643,1.3948241555818235
196.69743418693542,14.025032933016432,1.396425396268727
196.80761218070984,14.030269542658658,1.3980259697027508
196.91696286201477,14.035497075320945,1.3996254252533868
197.01770639419556,14.040715595508633,1.4012247482148292
197.09707307815552,14.045925231822823,1.4028287357722848
197.19712591171265,14.051125745668159,1.404437265112972
197.30795407295227,14.05631699228395,1.4060499603078638
197.4176058769226,14.061498921101121,1.4076657361851803
197.5283224582672,14.066671350999298,1.4092685112949883
197.59721755981445,14.071834598641285,1.4108461877265395
197.7074613571167,14.076989588230846,1.4123875356566604
197.81713008880615,14.082137338048575,1.413887840056054
197.91785264015198,14.08727925326588,1.4153414887890545
197.99693727493286,14.092416929815691,1.4167468457740402
198.09748244285583,14.097552411784829,1.4181005950419685
198.20756769180298,14.102687497545356,1.419406253998481
198.3176794052124,14.107824641038981,1.420666507242024
198.42830967903137,14.112965308423822,1.4218864247122007
198.49724102020264,14.118111249712648,1.4230696354966028
198.60802268981934,14.12326412010555,1.424226193549568
198.71775555610657,14.128424296446937,1.4253612813642755
198.81782579421997,14.13359216831507,1.4264757168053586
198.89719223976135,14.138769195447967,1.427569614536872
198.99735069274902,14.143955573581339,1.4286477998849687
199.10753870010376,14.149152305250709,1.429713729657438
199.2177460193634,14.154360615440554,1.4307714382786494
199.32803297042847,14.159580396173462,1.4318260784428838
199.39753222465515,14.16481157105376,1.4328800889476454
199.50815749168396,14.170054217753924,1.4339372514521853
199.6171145439148,14.175308567694117,1.4349941038030498
199.71727681159973,14.180574322290571,1.436049458836662
199.7972571849823,14.185852101691628,1.4371028190032262
199.89795970916748,14.191141455124693,1.4381532259708247
200.00740242004395,14.196442311777167,1.4392027280887667
200.1174578666687,14.201755669545648,1.4402543657926283
200.22776079177856,14.207080462846456,1.441310561066604
200.29775476455688,14.212416742938002,1.4423729276349695
200.4078016281128,14.2177650036511,1.4434442213900684
200.5170316696167,14.2231239332268,1.4445254623207757
200.61725664138794,14.228492861577688,1.4456138502460394
200.69741129875183,14.233872508840358,1.4467089752978493
200.79746460914612,14.239261860709288,1.4478092575809907
200.90727710723877,14.244660814145544,1.4489157086967914
201.01730227470398,14.25006919744058,1.4500285788732832
201.1277720928192,14.255487456585232,1.4511483695158727
201.19715690612793,14.260914533168659,1.4522770300269625
201.3080277442932,14.2663508730257,1.45341726820065
201.41717886924744,14.271795256400559,1.4545694564267195
201.51762676239014,14.277247317133858,1.4557354223029564
201.59744358062744,14.282706525409655,1.4569122494572089
201.69756364822388,14.288173334036783,1.4580937360250403
201.80789279937744,14.293646922883557,1.4592753519577188
201.91781973838806,14.299127322700851,1.4604546390997961
202.0281000137329,14.304615258830653,1.4616294528638811
202.09729290008545,14.310110324294863,1.4627997991774375
202.20819926261902,14.31561323693184,1.4639655027119136
202.3176965713501,14.321123683131109,1.4651287604408674
202.41806316375732,14.326641712973167,1.466290715744099
202.49751210212708,14.332167382936365,1.4674523356839033
202.59752774238586,14.337701180373108,1.4686154042208215
202.70842790603638,14.34324216326255,1.469770619667398
202.81754684448242,14.348790355976767,1.4709134777658597
202.92863941192627,14.354347128513087,1.4720405342781242
202.99734330177307,14.359912316113657,1.4731515961904582
203.10805988311768,14.365486787773046,1.4742468443658643
203.2178430557251,14.371071760331514,1.4753281852611142
203.3175654411316,14.376667090341009,1.4763980058549053
203.3974769115448,14.382273996829003,1.4774585584869366
203.49741911888123,14.387892382619608,1.4785126153683426
203.60726022720337,14.393522597108335,1.4795616923286083
203.71753764152527,14.39916559368303,1.4806041798544973
203.8285994529724,14.404820697511234,1.4816410016594053
203.8976709842682,14.410488239098164,1.4826745137108048
204.00795245170593,14.416168973260428,1.4837059811035547
204.11780858039856,14.421862375948507,1.484738065468346
204.2179093360901,14.427568279399777,1.4857731771392326
204.29719281196594,14.433286712449785,1.486817426282673
204.3974256515503,14.439018095065991,1.4878747729905908
204.50767540931702,14.444761148294052,1.4889459746255402
204.61785626411438,14.450515285229175,1.4900328789080945
204.7285509109497,14.456280722110598,1.4911285883448915
204.79787802696228,14.462056405627335,1.4922262716361168
204.90833973884583,14.467842235363179,1.4933198879052003
205.01749897003174,14.473638994201652,1.4944069235771007
205.11770367622375,14.479446281535191,1.4954862354307952
205.19730019569397,14.48526517219794,1.496557402578764
205.29744219779968,14.491095260167523,1.4976209231944522
205.40762186050415,14.496936750275905,1.498675814826508
205.51748728752136,14.502790052562744,1.4997205832505378
205.6289722919464,14.508656314946078,1.5007562320849261
205.69794178009033,14.514534849879544,1.5017820671676039
205.80785131454468,14.52042600254959,1.5027990479838411
205.90756583213806,14.526331005699333,1.5038099416941832
206.01762175559998,14.532249342644736,1.5048160649041016
206.09786987304688,14.538181367897565,1.505818101145987
206.19762516021729,14.544127999291046,1.506816266008975
206.3075680732727,14.550088615898105,1.5078124305095508
206.4385416507721,14.556064078283065,1.508808872331784
206.52839493751526,14.562053577445353,1.509807338083002
206.59748768806458,14.568057048051498,1.5108095467827263
206.70835542678833,14.574075172198862,1.5118163173155383
206.81768369674683,14.580106085920272,1.5128500539149785
206.91761231422424,14.58614772525412,1.5139154212909913
206.99752688407898,14.592198664167743,1.5150174546001332
207.0976278781891,14.598257944931671,1.516162178500394
207.20741629600525,14.60432351628857,1.5173514830850134
207.31735491752625,14.610394678597082,1.5185879285144728
207.4283480644226,14.616469352350094,1.5198718030917415
207.49785041809082,14.622546073086472,1.5212017646955978
207.60760045051575,14.628623697362787,1.5225771059733895
207.71754002571106,14.634700363139054,1.5239939671858302
207.81733465194702,14.64077453929675,1.5254285139737567
207.89744091033936,14.646845911770935,1.5268762115248238
207.99735713005066,14.652913671655941,1.5283276033564506
208.1072177886963,14.658977681997301,1.5297746525217055
208.21730518341064,14.665038410356342,1.5312120840132502
208.32808017730713,14.671095937797315,1.5326368684722478
208.39723753929138,14.677150751788929,1.5340455953906897
208.50752758979797,14.683203817368094,1.5354381583882475
208.61788272857666,14.68925542252875,1.5368157877695268
208.71734976768494,14.69530615005472,1.5381794999528489
208.79751110076904,14.70135654106977,1.5395306798835902
208.89727139472961,14.70740748934799,1.5408690672149876
209.0073893070221,14.713459079216506,1.5421941021329106
209.11775612831116,14.719512276406535,1.543503601825062
209.2281985282898,14.725567234176253,1.544797457579823
209.2974009513855,14.731624577690123,1.5460776025483274
209.407860994339,14.737685336187832,1.5473450026174043
209.51730251312256,14.743749519530326,1.5486007520207776
209.6172833442688,14.74981757862343,1.5498462579643053
209.69756245613098,14.755890447477046,1.5510859874790888
209.79768800735474,14.76196780550101,1.5523175440888624
209.9070749282837,14.76804998653132,1.5535398449956488
210.01833820343018,14.774137910122384,1.554752704323848
210.12812519073486,14.780231384605159,1.5559563020149025
210.1977515220642,14.786330760104214,1.5571504476962201
210.30767512321472,14.792436417887675,1.5583336599913187
210.41763353347778,14.798549389143673,1.5595053941211554
210.51755833625793,14.804669516650149,1.560666252999104
210.59734916687012,14.810797083225475,1.5618176433508058
210.69757962226868,14.816933178002726,1.5629598896626355
210.80766820907593,14.823077362702584,1.5640935883204783
210.91784167289734,14.829230234241008,1.5652026618996062
211.02819275856018,14.83539183013617,1.5662844929579824
211.09754705429077,14.841563416789777,1.5673354537964623
211.20794534683228,14.847746922398274,1.5683544562210736
211.31738471984863,14.853943095532992,1.569342346729588
211.41802048683167,14.860153451385413,1.5702995850389374
211.49731993675232,14.866379331963138,1.571225360230223
211.5976665019989,14.87262287037141,1.5721192625619786
211.70770001411438,14.8788843844473,1.5729847018571572
211.81786179542542,14.885164811851391,1.5738245977624326
211.9283926486969,14.89146589083727,1.574643710897024
211.99746417999268,14.897787145158432,1.5754468327095013
212.10827589035034,14.904130738020351,1.5762368664105721
212.20753479003906,14.910496114562708,1.5770178662575745
212.31821084022522,14.91688363039185,1.5777930180402862
212.39755535125732,14.923293081013899,1.5785647720813134
212.49744296073914,14.92972589644439,1.5793370396374127
212.60851740837097,14.936180752530355,1.5801109501074655
212.71743822097778,14.942659030389061,1.5808893224698393
212.82799625396729,14.949159431678,1.5816748345182015
212.8974311351776,14.955681680499676,1.5824642399393494
213.0080828666687,14.962225536532728,1.5832549965917075
213.1176643371582,14.968791740959238,1.584045177714688
213.21758651733398,14.975379333216853,1.5848354702551235
213.2974123954773,14.981989612307686,1.5856297248654712
213.3972897529602,14.98862135452783,1.5864301518274895
213.50795602798462,14.995274307944827,1.5872388496755736
213.61797523498535,15.001949255856253,1.5880577136862446
213.72839736938477,15.008644719295507,1.588887771490995
213.79763650894165,15.015360125533434,1.58972981995387
213.90806531906128,15.022096087914923,1.5905860704229615
214.0178828239441,15.02885105208296,1.5914587305644863
214.11797404289246,15.03562435673637,1.5923485102414108
214.19770097732544,15.042415310628945,1.5932564519644707
214.29788827896118,15.049224111097196,1.5941838493889338
214.40747332572937,15.056049019697285,1.59512765276399
214.51743388175964,15.062890279409096,1.596085678111196
214.62818932533264,15.069746244209394,1.5970555251615657
214.6977024078369,15.076616300845698,1.5980355255120775
214.8076548576355,15.083499503704303,1.5990240055410139
214.91772413253784,15.090395898441649,1.6000195793787704
215.0177505016327,15.097304077550804,1.6010205019478079
215.09709119796753,15.104224032560275,1.602025204039725
215.1979672908783,15.111154250516629,1.6030329627744386
215.3071267604828,15.118093886213202,1.6040439638209734
215.41776847839355,15.125042360526926,1.6050575064352803
215.52898907661438,15.131997997454063,1.6060734554894582
215.59750962257385,15.13896026624419,1.6071019804196516
215.7079873085022,15.145928207157755,1.6081512603420645
215.81726574897766,15.152901524673513,1.609229698442738
215.9174928665161,15.159878098703983,1.6103453762833775
215.99687790870667,15.166855788103591,1.6115052731148838
216.0975251197815,15.17383313952291,1.6127184827287198
216.20721697807312,15.180807748439214,1.6139912666656082
216.31746864318848,15.187777560113187,1.615333589763194
216.42827701568604,15.194739908563315,1.6167519635415688
216.49717092514038,15.201692669384727,1.618254992470273
216.6082305908203,15.208633865750706,1.6198524304551623
216.71706676483154,15.215561601099568,1.6215499989092506
216.8175253868103,15.222474486630205,1.6233568946473709
216.89712524414062,15.229371488257597,1.6251086925729588
216.9970898628235,15.236251824619876,1.6267267654705002
217.10764074325562,15.243115087215578,1.6282140422943576
217.2175259590149,15.249961296712856,1.6295706489767208
217.32828450202942,15.256790780217061,1.6307945182605215
217.39719486236572,15.26360437163538,1.63189208650469
217.5082995891571,15.270402985959263,1.6328671875956684
217.61712002754211,15.27718782951855,1.6337211530309963
217.71764659881592,15.283959881480197,1.634462180104568
217.79716420173645,15.29071999133258,1.6350921857268692
217.89756441116333,15.297468771522153,1.6356194968799804
218.00747776031494,15.304205428979918,1.6360496525907504
218.11732459068298,15.310929036297669,1.6363884939109536
218.2279076576233,15.31764020203634,1.6366399241320826
218.2972662448883,15.324339482660717,1.6368121809093041
218.4079098701477,15.331026759324548,1.6369108120700215
218.5169858932495,15.337701720259364,1.6369397840674804
218.61747288703918,15.344363863757184,1.6369060700220943
218.69706797599792,15.351013138182445,1.6368150461598123
218.79750990867615,15.357648722148424,1.6366697023240842
218.90817618370056,15.364269515043038,1.6364767080935512
219.01726269721985,15.37087528121616,1.6362405317147921
219.12804102897644,15.377465382014577,1.6359641484912417
219.19760370254517,15.384039079824062,1.635652784039529
219.30824661254883,15.39059591828179,1.6353101554705902
219.41725373268127,15.397135851651834,1.6349386889973794
219.51749777793884,15.403659607834143,1.6345419932881922
219.5970118045807,15.410167306522707,1.6341234263506008
